cia,npoliza,nsiniestro,monto_ocu_mn,atipico,num_sin_tot,media,desv_est,z_score
H,5160,2.015E+13,42797.52,1,32320,2764.849482,5416.291893,7.391158252
H,5742,2.016E+13,34949.68,1,32320,2764.849482,5416.291893,5.942226001
H,6477,2.016E+13,50621.71,1,32320,2764.849482,5416.291893,8.835724046
H,5916,2.015E+13,34610.41,1,32320,2764.849482,5416.291893,5.879587206
H,8035,2.019E+13,20983.41,1,32320,2764.849482,5416.291893,3.363659285
H,5330,2.015E+13,25000,1,32320,2764.849482,5416.291893,4.105234902
H,4803,2.019E+13,21737.25,1,32320,2764.849482,5416.291893,3.502839377
H,5913,2.016E+13,26430.63,1,32320,2764.849482,5416.291893,4.369369485
H,3654,2.016E+13,29094.14,1,32320,2764.849482,5416.291893,4.861128432
H,7651,2.019E+13,26139.93,1,32320,2764.849482,5416.291893,4.315698079
H,6679,2.017E+13,29900,1,32320,2764.849482,5416.291893,5.00991288
H,6678,2.017E+13,37422.48,1,32320,2764.849482,5416.291893,6.398774513
H,54,2.016E+13,43500,1,32320,2764.849482,5416.291893,7.520855841
H,4664,2.017E+13,30349.56,1,32320,2764.849482,5416.291893,5.092914315
H,8174,2.019E+13,17822,1,32320,2764.849482,5416.291893,2.779973978
H,5160,2.018E+13,18288.77,1,32320,2764.849482,5416.291893,2.866152863
H,5820,2.019E+13,29900,1,32320,2764.849482,5416.291893,5.00991288
H,7347,2.018E+13,32933.16,1,32320,2764.849482,5416.291893,5.569919627
H,6136,2.016E+13,39486.83,1,32320,2764.849482,5416.291893,6.779911652
H,2741,2.015E+13,42646.13,1,32320,2764.849482,5416.291893,7.363207395
H,4812,2.015E+13,21850.4,1,32320,2764.849482,5416.291893,3.523730053
H,7725,2.019E+13,34319.09,1,32320,2764.849482,5416.291893,5.825801331
H,4803,2.016E+13,48162.83,1,32320,2764.849482,5416.291893,8.381745559
H,7368,2.019E+13,54106.6,1,32320,2764.849482,5416.291893,9.47913287
H,5791,2.016E+13,26081.01,1,32320,2764.849482,5416.291893,4.304819788
H,5407,2.017E+13,21465.53,1,32320,2764.849482,5416.291893,3.452672213
H,6554,2.016E+13,30186.24,1,32320,2764.849482,5416.291893,5.062760844
H,7263,2.017E+13,61419.4,1,32320,2764.849482,5416.291893,10.82928167
H,110,2.018E+13,43200,1,32320,2764.849482,5416.291893,7.465467393
H,6560,2.016E+13,29900,1,32320,2764.849482,5416.291893,5.00991288
H,6924,2.018E+13,28879.37,1,32320,2764.849482,5416.291893,4.821475842
H,731,2.016E+13,29214.96,1,32320,2764.849482,5416.291893,4.883435206
H,4299,2.017E+13,25000,1,32320,2764.849482,5416.291893,4.105234902
H,6587,2.019E+13,23460.93,1,32320,2764.849482,5416.291893,3.821079241
H,869,2.016E+13,16849.34,1,32320,2764.849482,5416.291893,2.600393553
H,7037,2.018E+13,34173.11,1,32320,2764.849482,5416.291893,5.798849312
H,7023,2.017E+13,34112.75,1,32320,2764.849482,5416.291893,5.787705156
H,6292,2.016E+13,24618.62,1,32320,2764.849482,5416.291893,4.034821415
H,5913,2.017E+13,33433.92,1,32320,2764.849482,5416.291893,5.662374023
H,4975,2.015E+13,18280.39,1,32320,2764.849482,5416.291893,2.864605679
H,7179,2.018E+13,22731.42,1,32320,2764.849482,5416.291893,3.686391153
H,7046,2.018E+13,30214.51,1,32320,2764.849482,5416.291893,5.067980282
H,6104,2.016E+13,26824.17,1,32320,2764.849482,5416.291893,4.44202805
H,7201,2.018E+13,45632.23,1,32320,2764.849482,5416.291893,7.91452554
H,6312,2.018E+13,52731.44,1,32320,2764.849482,5416.291893,9.225239611
H,7564,2.018E+13,25899.39,1,32320,2764.849482,5416.291893,4.271287622
H,7692,2.019E+13,32198.05,1,32320,2764.849482,5416.291893,5.434197621
H,1,2.019E+13,19884.25,1,32320,2764.849482,5416.291893,3.160723398
H,6146,2.018E+13,53151.02,1,32320,2764.849482,5416.291893,9.302705894
H,5356,2.017E+13,17237.65,1,32320,2764.849482,5416.291893,2.672086513
H,6648,2.019E+13,24170.71,1,32320,2764.849482,5416.291893,3.952124616
H,4409,2.019E+13,25838.13,1,32320,2764.849482,5416.291893,4.259977301
H,6689,2.018E+13,25659.96,1,32320,2764.849482,5416.291893,4.227082102
H,94,2.018E+13,41914.89,1,32320,2764.849482,5416.291893,7.2281999
H,4803,2.016E+13,49479.51,1,32320,2764.849482,5416.291893,8.624841763
H,8105,2.019E+13,24349.37,1,32320,2764.849482,5416.291893,3.985110283
H,5742,2.016E+13,50561.39,1,32320,2764.849482,5416.291893,8.824587275
H,4803,2.016E+13,47395.8,1,32320,2764.849482,5416.291893,8.240130222
H,7558,2.019E+13,53075.92,1,32320,2764.849482,5416.291893,9.28884032
H,54,2.015E+13,31788.38,1,32320,2764.849482,5416.291893,5.358561003
H,5742,2.015E+13,55120.75,1,32320,2764.849482,5416.291893,9.666373518
H,7094,2.018E+13,26166.33,1,32320,2764.849482,5416.291893,4.320572262
H,579,2.015E+13,26246.41,1,32320,2764.849482,5416.291893,4.335357285
H,6612,2.018E+13,28715.29,1,32320,2764.849482,5416.291893,4.791182054
H,2741,2.016E+13,20635.77,1,32320,2764.849482,5416.291893,3.299475152
H,579,2.019E+13,42171.03,1,32320,2764.849482,5416.291893,7.275490556
H,2741,2.019E+13,28611.39,1,32320,2764.849482,5416.291893,4.771999188
H,6312,2.018E+13,44071.2,1,32320,2764.849482,5416.291893,7.626315445
H,4539,2.016E+13,21551.72,1,32320,2764.849482,5416.291893,3.468585314
H,6823,2.017E+13,21501.25,1,32320,2764.849482,5416.291893,3.459267131
H,2741,2.018E+13,17362.53,1,32320,2764.849482,5416.291893,2.695142877
H,6550,2.016E+13,41432.63,1,32320,2764.849482,5416.291893,7.139161124
H,7481,2.018E+13,24405,1,32320,2764.849482,5416.291893,3.995381147
H,4823,2.017E+13,16793.49,1,32320,2764.849482,5416.291893,2.59008207
H,836,2.015E+13,57099.31,1,32320,2764.849482,5416.291893,10.03167141
H,6498,2.016E+13,45710.63,1,32320,2764.849482,5416.291893,7.929000387
H,4306,2.015E+13,19553.24,1,32320,2764.849482,5416.291893,3.099609631
H,6477,2.017E+13,91323.5,1,32320,2764.849482,5416.291893,16.3504206
H,2741,2.015E+13,21032.56,1,32320,2764.849482,5416.291893,3.372733759
H,4803,2.015E+13,36884.92,1,32320,2764.849482,5416.291893,6.2995258
H,6378,2.015E+13,23778.78,1,32320,2764.849482,5416.291893,3.879763302
H,6062,2.017E+13,16859.56,1,32320,2764.849482,5416.291893,2.602280452
H,4803,2.018E+13,36645.37,1,32320,2764.849482,5416.291893,6.255298124
H,5875,2.016E+13,25095.38,1,32320,2764.849482,5416.291893,4.122844736
H,7747,2.018E+13,39193.32,1,32320,2764.849482,5416.291893,6.725721441
H,5749,2.017E+13,29311.5,1,32320,2764.849482,5416.291893,4.901259209
H,6678,2.016E+13,31955.84,1,32320,2764.849482,5416.291893,5.389478834
H,6172,2.017E+13,19330.06,1,32320,2764.849482,5416.291893,3.058404319
H,6612,2.017E+13,27591.71,1,32320,2764.849482,5416.291893,4.583737547
H,7459,2.018E+13,42599.11,1,32320,2764.849482,5416.291893,7.354526179
H,6648,2.019E+13,24900,1,32320,2764.849482,5416.291893,4.086772086
H,4803,2.015E+13,42231.23,1,32320,2764.849482,5416.291893,7.286605172
H,1105,2.017E+13,19667.25,1,32320,2764.849482,5416.291893,3.120659088
H,7580,2.018E+13,38255.63,1,32320,2764.849482,5416.291893,6.552597463
H,2741,2.018E+13,23336.57,1,32320,2764.849482,5416.291893,3.798118884
H,7221,2.019E+13,24800,1,32320,2764.849482,5416.291893,4.06830927
H,7451,2.017E+13,51682.88,1,32320,2764.849482,5416.291893,9.031645909
H,6360,2.018E+13,39824.41,1,32320,2764.849482,5416.291893,6.842238426
H,7894,2.019E+13,21206.66,1,32320,2764.849482,5416.291893,3.404877522
H,2644,2.016E+13,29500,1,32320,2764.849482,5416.291893,4.936061617
H,4428,2.016E+13,17462.09,1,32320,2764.849482,5416.291893,2.713524457
H,7023,2.019E+13,37550.75,1,32320,2764.849482,5416.291893,6.422456767
H,6981,2.019E+13,25158.07,1,32320,2764.849482,5416.291893,4.134419075
H,7119,2.019E+13,23133.34,1,32320,2764.849482,5416.291893,3.760596903
H,4402,2.017E+13,23527.29,1,32320,2764.849482,5416.291893,3.833331166
H,3675,2.015E+13,27062.94,1,32320,2764.849482,5416.291893,4.486111716
H,3300,2.016E+13,24900,1,32320,2764.849482,5416.291893,4.086772086
H,4861,2.015E+13,23580.05,1,32320,2764.849482,5416.291893,3.843072148
H,7096,2.017E+13,24376.14,1,32320,2764.849482,5416.291893,3.990052779
H,6102,2.018E+13,20272.91,1,32320,2764.849482,5416.291893,3.232480978
H,5831,2.018E+13,22827.82,1,32320,2764.849482,5416.291893,3.704189308
H,6550,2.016E+13,38134.72,1,32320,2764.849482,5416.291893,6.530274073
H,3300,2.016E+13,22540.3,1,32320,2764.849482,5416.291893,3.65110502
H,7628,2.019E+13,19033,1,32320,2764.849482,5416.291893,3.003558678
H,7023,2.019E+13,28706.9,1,32320,2764.849482,5416.291893,4.789633024
H,6625,2.017E+13,19497.29,1,32320,2764.849482,5416.291893,3.089279686
H,4990,2.015E+13,25050.22,1,32320,2764.849482,5416.291893,4.114506928
H,5929,2.015E+13,100000,1,32320,2764.849482,5416.291893,17.95234682
H,4306,2.016E+13,23188.79,1,32320,2764.849482,5416.291893,3.770834534
H,4803,2.017E+13,40313.25,1,32320,2764.849482,5416.291893,6.932492055
H,7535,2.019E+13,26316.91,1,32320,2764.849482,5416.291893,4.348373571
H,4409,2.018E+13,23133.43,1,32320,2764.849482,5416.291893,3.760613519
H,5958,2.015E+13,19167.29,1,32320,2764.849482,5416.291893,3.028352393
H,6587,2.019E+13,62807.5,1,32320,2764.849482,5416.291893,11.08556402
H,6108,2.015E+13,27916.45,1,32320,2764.849482,5416.291893,4.643693696
H,4803,2.015E+13,38697.09,1,32320,2764.849482,5416.291893,6.63410341
H,6587,2.017E+13,18159.1,1,32320,2764.849482,5416.291893,2.84221213
H,5715,2.016E+13,17154.08,1,32320,2764.849482,5416.291893,2.656657138
H,3654,2.017E+13,30606.42,1,32320,2764.849482,5416.291893,5.140337904
H,6477,2.017E+13,64743.7,1,32320,2764.849482,5416.291893,11.44304106
H,7178,2.019E+13,45164.05,1,32320,2764.849482,5416.291893,7.828086328
H,7043,2.017E+13,39814.34,1,32320,2764.849482,5416.291893,6.840379221
H,6665,2.018E+13,20417.11,1,32320,2764.849482,5416.291893,3.259104359
H,7120,2.018E+13,23201.6,1,32320,2764.849482,5416.291893,3.773199621
H,579,2.019E+13,24716.78,1,32320,2764.849482,5416.291893,4.052944515
H,6573,2.019E+13,18710,1,32320,2764.849482,5416.291893,2.943923783
H,6477,2.017E+13,54506.59,1,32320,2764.849482,5416.291893,9.552982288
H,6617,2.017E+13,17264.18,1,32320,2764.849482,5416.291893,2.676984698
H,7083,2.018E+13,47907.59,1,32320,2764.849482,5416.291893,8.334621067
H,6108,2.016E+13,19310.31,1,32320,2764.849482,5416.291893,3.054757913
H,4803,2.017E+13,33646.58,1,32320,2764.849482,5416.291893,5.701637048
H,7023,2.018E+13,30968.59,1,32320,2764.849482,5416.291893,5.207204685
H,6146,2.018E+13,72977.16,1,32320,2764.849482,5416.291893,12.96316962
H,7451,2.017E+13,16877.32,1,32320,2764.849482,5416.291893,2.605559449
H,6146,2.019E+13,29145.14,1,32320,2764.849482,5416.291893,4.870544468
H,7486,2.018E+13,21179.12,1,32320,2764.849482,5416.291893,3.399792862
H,6456,2.019E+13,73952.6,1,32320,2764.849482,5416.291893,13.14326331
H,5140,2.015E+13,28599.92,1,32320,2764.849482,5416.291893,4.769881503
H,1105,2.016E+13,17117.64,1,32320,2764.849482,5416.291893,2.649929288
H,5571,2.016E+13,24500,1,32320,2764.849482,5416.291893,4.012920822
H,2741,2.017E+13,39524.06,1,32320,2764.849482,5416.291893,6.786785359
H,4409,2.019E+13,29500,1,32320,2764.849482,5416.291893,4.936061617
H,5746,2.018E+13,37724.94,1,32320,2764.849482,5416.291893,6.454617146
H,5150,2.015E+13,24220.87,1,32320,2764.849482,5416.291893,3.961385564
H,5361,2.016E+13,19662.5,1,32320,2764.849482,5416.291893,3.119782104
H,5746,2.015E+13,39925.26,1,32320,2764.849482,5416.291893,6.860858176
H,6242,2.016E+13,20366.67,1,32320,2764.849482,5416.291893,3.249791715
H,6344,2.017E+13,59996.8,1,32320,2764.849482,5416.291893,10.56662965
H,6758,2.016E+13,44848.79,1,32320,2764.849482,5416.291893,7.769880455
H,5778,2.016E+13,19358.21,1,32320,2764.849482,5416.291893,3.063601602
H,7023,2.019E+13,31571.3,1,32320,2764.849482,5416.291893,5.318481922
H,7201,2.017E+13,33869.82,1,32320,2764.849482,5416.291893,5.742853438
H,2741,2.017E+13,16835.49,1,32320,2764.849482,5416.291893,2.597836453
H,579,2.018E+13,30286.94,1,32320,2764.849482,5416.291893,5.0813529
H,3675,2.019E+13,59600,1,32320,2764.849482,5416.291893,10.4933692
H,7408,2.017E+13,21522.73,1,32320,2764.849482,5416.291893,3.463232944
H,5160,2.015E+13,29260.91,1,32320,2764.849482,5416.291893,4.89191887
H,6108,2.015E+13,38115.75,1,32320,2764.849482,5416.291893,6.526771676
H,6112,2.015E+13,22918.22,1,32320,2764.849482,5416.291893,3.720879693
H,7063,2.017E+13,25303.45,1,32320,2764.849482,5416.291893,4.161260317
H,6431,2.016E+13,38860.79,1,32320,2764.849482,5416.291893,6.66432704
H,579,2.016E+13,39500,1,32320,2764.849482,5416.291893,6.782343205
H,6550,2.016E+13,27052.06,1,32320,2764.849482,5416.291893,4.484102962
H,8101,2.019E+13,17245.72,1,32320,2764.849482,5416.291893,2.673576462
H,94,2.018E+13,41325.54,1,32320,2764.849482,5416.291893,7.119389294
H,4803,2.015E+13,43115.11,1,32320,2764.849482,5416.291893,7.449794309
H,6459,2.016E+13,47168.16,1,32320,2764.849482,5416.291893,8.198101468
H,6533,2.019E+13,20052.46,1,32320,2764.849482,5416.291893,3.191779701
H,6312,2.017E+13,19993.59,1,32320,2764.849482,5416.291893,3.180910641
H,2741,2.015E+13,17088.81,1,32320,2764.849482,5416.291893,2.644606458
H,7534,2.018E+13,23516.19,1,32320,2764.849482,5416.291893,3.831281793
H,579,2.017E+13,21086.72,1,32320,2764.849482,5416.291893,3.38273322
H,6102,2.018E+13,19307.13,1,32320,2764.849482,5416.291893,3.054170795
H,94,2.018E+13,32621.1,1,32320,2764.849482,5416.291893,5.512304563
H,7038,2.018E+13,19877.45,1,32320,2764.849482,5416.291893,3.159467927
H,6581,2.017E+13,44811.22,1,32320,2764.849482,5416.291893,7.762943975
H,5749,2.017E+13,31573.12,1,32320,2764.849482,5416.291893,5.318817945
H,6146,2.019E+13,68609.92,1,32320,2764.849482,5416.291893,12.15685414
H,579,2.016E+13,30267.95,1,32320,2764.849482,5416.291893,5.077846811
H,6550,2.016E+13,49900,1,32320,2764.849482,5416.291893,8.702476057
H,5746,2.019E+13,49599.99,1,32320,2764.849482,5416.291893,8.647085763
H,5160,2.016E+13,19805.06,1,32320,2764.849482,5416.291893,3.146102694
H,2748,2.015E+13,19120.96,1,32320,2764.849482,5416.291893,3.019798571
H,7481,2.018E+13,25216.56,1,32320,2764.849482,5416.291893,4.145217976
H,6521,2.017E+13,17749.5,1,32320,2764.849482,5416.291893,2.766588436
H,6062,2.017E+13,18398.5,1,32320,2764.849482,5416.291893,2.886412111
H,5887,2.017E+13,44036.5,1,32320,2764.849482,5416.291893,7.619908848
H,6581,2.019E+13,60161.38,1,32320,2764.849482,5416.291893,10.59701575
H,6477,2.017E+13,88735.27,1,32320,2764.849482,5416.291893,15.87256046
H,6640,2.018E+13,19993.06,1,32320,2764.849482,5416.291893,3.180812788
H,6150,2.018E+13,19000.03,1,32320,2764.849482,5416.291893,2.997471488
H,2741,2.016E+13,30502.86,1,32320,2764.849482,5416.291893,5.121217812
H,6312,2.018E+13,27636.71,1,32320,2764.849482,5416.291893,4.592045815
H,6312,2.017E+13,31399.32,1,32320,2764.849482,5416.291893,5.286729571
H,5736,2.016E+13,27190.03,1,32320,2764.849482,5416.291893,4.509576109
H,4300,2.016E+13,17459.54,1,32320,2764.849482,5416.291893,2.713053655
H,1512,2.018E+13,32269.63,1,32320,2764.849482,5416.291893,5.447413304
H,4803,2.016E+13,33946.16,1,32320,2764.849482,5416.291893,5.756947951
H,94,2.018E+13,41820.05,1,32320,2764.849482,5416.291893,7.210689765
H,72,2.017E+13,43454.77,1,32320,2764.849482,5416.291893,7.512505109
H,7534,2.019E+13,32137.78,1,32320,2764.849482,5416.291893,5.423070082
H,6326,2.016E+13,22169.42,1,32320,2764.849482,5416.291893,3.582630128
H,7535,2.019E+13,25972.92,1,32320,2764.849482,5416.291893,4.28486333
H,4428,2.018E+13,17065.68,1,32320,2764.849482,5416.291893,2.640336009
H,7402,2.018E+13,83867.45,1,32320,2764.849482,5416.291893,14.97382381
H,4816,2.018E+13,21285.75,1,32320,2764.849482,5416.291893,3.419479763
H,7534,2.019E+13,32883.87,1,32320,2764.849482,5416.291893,5.560819305
H,7104,2.017E+13,28296.82,1,32320,2764.849482,5416.291893,4.713920709
H,1201,2.015E+13,21972.36,1,32320,2764.849482,5416.291893,3.546247303
H,731,2.016E+13,52449.62,1,32320,2764.849482,5416.291893,9.173207704
H,4557,2.016E+13,33485.46,1,32320,2764.849482,5416.291893,5.671889759
H,72,2.017E+13,43147.22,1,32320,2764.849482,5416.291893,7.455722719
H,4993,2.015E+13,30000,1,32320,2764.849482,5416.291893,5.028375696
H,4803,2.018E+13,22760.57,1,32320,2764.849482,5416.291893,3.691773064
H,7470,2.019E+13,26617.51,1,32320,2764.849482,5416.291893,4.403872795
H,579,2.016E+13,33965.69,1,32320,2764.849482,5416.291893,5.760553739
H,7408,2.017E+13,52891.78,1,32320,2764.849482,5416.291893,9.25484289
H,7407,2.018E+13,21937.46,1,32320,2764.849482,5416.291893,3.53980378
H,7451,2.018E+13,35932.69,1,32320,2764.849482,5416.291893,6.123717328
H,2741,2.019E+13,55859.96,1,32320,2764.849482,5416.291893,9.802852499
H,5742,2.015E+13,39302.65,1,32320,2764.849482,5416.291893,6.745906838
H,6477,2.016E+13,47457.7,1,32320,2764.849482,5416.291893,8.251558705
H,4539,2.016E+13,21465.52,1,32320,2764.849482,5416.291893,3.452670367
H,207,2.018E+13,52028.87,1,32320,2764.849482,5416.291893,9.095525406
H,6112,2.016E+13,23372.83,1,32320,2764.849482,5416.291893,3.804813501
H,2741,2.015E+13,17167.72,1,32320,2764.849482,5416.291893,2.659175466
H,7046,2.018E+13,19384.19,1,32320,2764.849482,5416.291893,3.068398241
H,7653,2.018E+13,21512.25,1,32320,2764.849482,5416.291893,3.461298041
H,4803,2.016E+13,33605.93,1,32320,2764.849482,5416.291893,5.694131913
H,6592,2.016E+13,24800,1,32320,2764.849482,5416.291893,4.06830927
H,5798,2.016E+13,38723.26,1,32320,2764.849482,5416.291893,6.638935129
H,6735,2.017E+13,43031.38,1,32320,2764.849482,5416.291893,7.434335393
H,2741,2.017E+13,22932.37,1,32320,2764.849482,5416.291893,3.723492182
H,200,2.017E+13,21053.06,1,32320,2764.849482,5416.291893,3.376518637
H,8035,2.019E+13,38559.74,1,32320,2764.849482,5416.291893,6.608744733
H,4803,2.017E+13,38644.94,1,32320,2764.849482,5416.291893,6.624475052
H,579,2.016E+13,35348.63,1,32320,2764.849482,5416.291893,6.015883405
H,6104,2.017E+13,22925.84,1,32320,2764.849482,5416.291893,3.72228656
H,7048,2.017E+13,18129.74,1,32320,2764.849482,5416.291893,2.836791447
H,4803,2.017E+13,30798.8,1,32320,2764.849482,5416.291893,5.175856669
H,5121,2.016E+13,24700,1,32320,2764.849482,5416.291893,4.049846454
H,7038,2.017E+13,24600,1,32320,2764.849482,5416.291893,4.031383638
H,6581,2.017E+13,40130.16,1,32320,2764.849482,5416.291893,6.898688486
H,6477,2.017E+13,82485.36,1,32320,2764.849482,5416.291893,14.71865108
H,5160,2.016E+13,35836.57,1,32320,2764.849482,5416.291893,6.105970869
H,5887,2.017E+13,18668.01,1,32320,2764.849482,5416.291893,2.936171246
H,6612,2.018E+13,21279.42,1,32320,2764.849482,5416.291893,3.418311067
H,4445,2.015E+13,27164.23,1,32320,2764.849482,5416.291893,4.504812702
H,6550,2.016E+13,38837.16,1,32320,2764.849482,5416.291893,6.659964276
H,5140,2.015E+13,25913.44,1,32320,2764.849482,5416.291893,4.273881647
H,1,2.016E+13,366180.12,1,32320,2764.849482,5416.291893,67.09669229
H,6681,2.017E+13,21218.88,1,32320,2764.849482,5416.291893,3.407133678
H,1,2.019E+13,32787.96,1,32320,2764.849482,5416.291893,5.543111618
H,5234,2.015E+13,22342.91,1,32320,2764.849482,5416.291893,3.614661267
H,6235,2.016E+13,21322.57,1,32320,2764.849482,5416.291893,3.426277772
H,94,2.018E+13,43200,1,32320,2764.849482,5416.291893,7.465467393
H,3675,2.017E+13,18062.91,1,32320,2764.849482,5416.291893,2.824452747
H,7945,2.019E+13,33744.65,1,32320,2764.849482,5416.291893,5.719743531
H,6104,2.017E+13,43824.39,1,32320,2764.849482,5416.291893,7.580747369
H,207,2.015E+13,31022.67,1,32320,2764.849482,5416.291893,5.217189375
H,6685,2.017E+13,18410.89,1,32320,2764.849482,5416.291893,2.888699654
H,1,2.015E+13,42871.2,1,32320,2764.849482,5416.291893,7.404761654
H,6814,2.017E+13,27480.87,1,32320,2764.849482,5416.291893,4.563273362
H,7771,2.019E+13,27079,1,32320,2764.849482,5416.291893,4.489076844
H,4993,2.015E+13,26081.11,1,32320,2764.849482,5416.291893,4.304838251
H,6436,2.016E+13,21560.41,1,32320,2764.849482,5416.291893,3.470189733
H,6364,2.018E+13,21415.93,1,32320,2764.849482,5416.291893,3.443514657
H,5160,2.018E+13,38922.76,1,32320,2764.849482,5416.291893,6.675768447
H,7620,2.018E+13,43092.62,1,32320,2764.849482,5416.291893,7.445642021
H,72,2.016E+13,43366.22,1,32320,2764.849482,5416.291893,7.496156286
H,6628,2.017E+13,39496.97,1,32320,2764.849482,5416.291893,6.781783782
H,7115,2.017E+13,16870,1,32320,2764.849482,5416.291893,2.60420797
H,7096,2.019E+13,22944.28,1,32320,2764.849482,5416.291893,3.725691103
H,579,2.017E+13,39500,1,32320,2764.849482,5416.291893,6.782343205
H,4861,2.015E+13,19572.42,1,32320,2764.849482,5416.291893,3.103150799
H,7771,2.018E+13,49490.2,1,32320,2764.849482,5416.291893,8.626815438
H,4519,2.015E+13,29193.74,1,32320,2764.849482,5416.291893,4.879517397
H,7600,2.019E+13,23971.77,1,32320,2764.849482,5416.291893,3.91539469
H,836,2.015E+13,57919.22,1,32320,2764.849482,5416.291893,10.18304988
H,7240,2.018E+13,19700,1,32320,2764.849482,5416.291893,3.12670566
H,2741,2.017E+13,43500.58,1,32320,2764.849482,5416.291893,7.520962925
H,6174,2.016E+13,20297.21,1,32320,2764.849482,5416.291893,3.236967443
H,6592,2.017E+13,20935.38,1,32320,2764.849482,5416.291893,3.354791595
H,7426,2.019E+13,17270.5,1,32320,2764.849482,5416.291893,2.678151548
H,7459,2.018E+13,17372.38,1,32320,2764.849482,5416.291893,2.696961465
H,6587,2.019E+13,22937.95,1,32320,2764.849482,5416.291893,3.724522407
H,7543,2.018E+13,23870.47,1,32320,2764.849482,5416.291893,3.896691858
H,6581,2.018E+13,17401.07,1,32320,2764.849482,5416.291893,2.702258447
H,836,2.016E+13,59500,1,32320,2764.849482,5416.291893,10.47490638
H,7718,2.019E+13,34269.06,1,32320,2764.849482,5416.291893,5.816564384
H,7580,2.018E+13,49800,1,32320,2764.849482,5416.291893,8.684013241
H,6708,2.017E+13,31855.61,1,32320,2764.849482,5416.291893,5.370973554
H,6104,2.016E+13,30004.2,1,32320,2764.849482,5416.291893,5.029151134
H,7038,2.017E+13,24600,1,32320,2764.849482,5416.291893,4.031383638
H,4803,2.016E+13,34591.05,1,32320,2764.849482,5416.291893,5.876012805
H,7054,2.018E+13,23107.34,1,32320,2764.849482,5416.291893,3.755796571
H,6246,2.019E+13,32571.93,1,32320,2764.849482,5416.291893,5.503226397
H,7771,2.018E+13,51889.94,1,32320,2764.849482,5416.291893,9.069875016
H,7594,2.019E+13,22579.45,1,32320,2764.849482,5416.291893,3.658333212
H,6393,2.016E+13,19137.39,1,32320,2764.849482,5416.291893,3.022832012
H,6344,2.016E+13,50642.95,1,32320,2764.849482,5416.291893,8.839645548
H,6689,2.018E+13,23739.19,1,32320,2764.849482,5416.291893,3.872453873
H,7426,2.018E+13,17728.12,1,32320,2764.849482,5416.291893,2.762641086
H,6537,2.018E+13,23631.29,1,32320,2764.849482,5416.291893,3.852532495
H,5875,2.016E+13,16733.15,1,32320,2764.849482,5416.291893,2.578941607
H,6678,2.017E+13,33957.69,1,32320,2764.849482,5416.291893,5.759076714
H,7747,2.018E+13,42943.92,1,32320,2764.849482,5416.291893,7.418187814
H,6108,2.016E+13,25675.94,1,32320,2764.849482,5416.291893,4.23003246
H,8139,2.019E+13,50374.04,1,32320,2764.849482,5416.291893,8.78999719
H,8147,2.019E+13,26248.53,1,32320,2764.849482,5416.291893,4.335748697
H,7539,2.018E+13,29446.44,1,32320,2764.849482,5416.291893,4.926172933
H,5845,2.018E+13,16889.35,1,32320,2764.849482,5416.291893,2.607780525
H,8035,2.019E+13,22049.1,1,32320,2764.849482,5416.291893,3.560415668
H,6136,2.016E+13,39812.18,1,32320,2764.849482,5416.291893,6.839980424
H,7141,2.018E+13,17418.18,1,32320,2764.849482,5416.291893,2.705417435
H,7129,2.018E+13,29485.69,1,32320,2764.849482,5416.291893,4.933419588
H,7402,2.019E+13,23250.85,1,32320,2764.849482,5416.291893,3.782292558
H,6665,2.019E+13,22764.85,1,32320,2764.849482,5416.291893,3.692563273
H,6119,2.018E+13,19145.4,1,32320,2764.849482,5416.291893,3.024310883
H,7038,2.018E+13,21645.97,1,32320,2764.849482,5416.291893,3.485986518
H,6250,2.017E+13,24670.07,1,32320,2764.849482,5416.291893,4.044320533
H,6587,2.018E+13,21921.98,1,32320,2764.849482,5416.291893,3.536945736
H,7306,2.018E+13,51120.85,1,32320,2764.849482,5416.291893,8.927879345
H,2741,2.019E+13,20605.21,1,32320,2764.849482,5416.291893,3.293832916
H,7699,2.018E+13,19982.45,1,32320,2764.849482,5416.291893,3.178853883
H,2741,2.017E+13,35832.24,1,32320,2764.849482,5416.291893,6.105171429
H,3809,2.017E+13,25000,1,32320,2764.849482,5416.291893,4.105234902
H,5160,2.019E+13,39961.04,1,32320,2764.849482,5416.291893,6.867464172
H,4861,2.018E+13,24025.28,1,32320,2764.849482,5416.291893,3.925274143
H,6587,2.018E+13,35537.21,1,32320,2764.849482,5416.291893,6.050700584
H,7133,2.019E+13,17276.95,1,32320,2764.849482,5416.291893,2.6793424
H,7096,2.019E+13,23892.77,1,32320,2764.849482,5416.291893,3.900809066
H,6541,2.016E+13,44142.38,1,32320,2764.849482,5416.291893,7.639457277
H,4803,2.017E+13,23811.43,1,32320,2764.849482,5416.291893,3.885791411
H,7046,2.018E+13,21523.8,1,32320,2764.849482,5416.291893,3.463430496
H,7372,2.017E+13,39379.37,1,32320,2764.849482,5416.291893,6.76007151
H,7534,2.019E+13,38833.08,1,32320,2764.849482,5416.291893,6.659210994
H,6541,2.017E+13,28599.34,1,32320,2764.849482,5416.291893,4.769774419
H,4606,2.018E+13,24722.32,1,32320,2764.849482,5416.291893,4.053967355
H,2741,2.017E+13,25214.32,1,32320,2764.849482,5416.291893,4.144804409
H,731,2.017E+13,24419.81,1,32320,2764.849482,5416.291893,3.99811549
H,4968,2.016E+13,48261.79,1,32320,2764.849482,5416.291893,8.400016361
H,4803,2.015E+13,36436.81,1,32320,2764.849482,5416.291893,6.216792075
H,836,2.015E+13,46367.47,1,32320,2764.849482,5416.291893,8.050271547
H,7216,2.018E+13,18028.18,1,32320,2764.849482,5416.291893,2.818040611
H,2644,2.016E+13,18801.73,1,32320,2764.849482,5416.291893,2.960859724
H,6136,2.016E+13,42257.37,1,32320,2764.849482,5416.291893,7.291431352
H,6477,2.017E+13,27930.3,1,32320,2764.849482,5416.291893,4.646250796
H,7337,2.018E+13,35328.99,1,32320,2764.849482,5416.291893,6.012257308
H,7958,2.019E+13,20765.67,1,32320,2764.849482,5416.291893,3.32345835
H,6104,2.016E+13,37677.59,1,32320,2764.849482,5416.291893,6.445875002
H,5846,2.017E+13,19700,1,32320,2764.849482,5416.291893,3.12670566
H,2741,2.018E+13,70481.28,1,32320,2764.849482,5416.291893,12.50235989
H,7594,2.019E+13,24949.44,1,32320,2764.849482,5416.291893,4.095900102
H,6312,2.019E+13,55330.45,1,32320,2764.849482,5416.291893,9.705090043
H,5160,2.016E+13,17054.05,1,32320,2764.849482,5416.291893,2.638188783
H,6146,2.017E+13,18144.44,1,32320,2764.849482,5416.291893,2.839505481
H,5160,2.019E+13,33393.72,1,32320,2764.849482,5416.291893,5.654951971
H,3654,2.016E+13,36608.69,1,32320,2764.849482,5416.291893,6.248525963
H,6772,2.016E+13,18253.73,1,32320,2764.849482,5416.291893,2.859683493
H,6960,2.017E+13,29500,1,32320,2764.849482,5416.291893,4.936061617
H,7023,2.017E+13,29510.05,1,32320,2764.849482,5416.291893,4.93791713
H,7619,2.019E+13,23722.93,1,32320,2764.849482,5416.291893,3.869451819
H,239,2.017E+13,27194.89,1,32320,2764.849482,5416.291893,4.510473401
H,4803,2.017E+13,37360.83,1,32320,2764.849482,5416.291893,6.387392187
H,5834,2.015E+13,22706.85,1,32320,2764.849482,5416.291893,3.681854839
H,6477,2.017E+13,53238.89,1,32320,2764.849482,5416.291893,9.318929171
H,5860,2.015E+13,21231.78,1,32320,2764.849482,5416.291893,3.409515381
H,7584,2.018E+13,21552.57,1,32320,2764.849482,5416.291893,3.468742248
H,6062,2.017E+13,26504.74,1,32320,2764.849482,5416.291893,4.383052278
H,5571,2.017E+13,19626.05,1,32320,2764.849482,5416.291893,3.113052408
H,7543,2.019E+13,18819.89,1,32320,2764.849482,5416.291893,2.964212571
H,5121,2.015E+13,21265.52,1,32320,2764.849482,5416.291893,3.415744735
H,6208,2.015E+13,22416.67,1,32320,2764.849482,5416.291893,3.62827944
H,6986,2.019E+13,38140.52,1,32320,2764.849482,5416.291893,6.531344916
H,5160,2.016E+13,44497.98,1,32320,2764.849482,5416.291893,7.705111051
H,4803,2.016E+13,35181.81,1,32320,2764.849482,5416.291893,5.985083736
H,6312,2.016E+13,22569.69,1,32320,2764.849482,5416.291893,3.656531241
H,7679,2.019E+13,30785.88,1,32320,2764.849482,5416.291893,5.173471274
H,4557,2.016E+13,32741.66,1,32320,2764.849482,5416.291893,5.534563334
H,6235,2.016E+13,29699.63,1,32320,2764.849482,5416.291893,4.972918936
H,4690,2.016E+13,17129.67,1,32320,2764.849482,5416.291893,2.652150364
H,7207,2.017E+13,19757.7,1,32320,2764.849482,5416.291893,3.137358705
H,6584,2.017E+13,26657.68,1,32320,2764.849482,5416.291893,4.411289308
H,6554,2.017E+13,33224.29,1,32320,2764.849482,5416.291893,5.623670422
H,7148,2.017E+13,17217.02,1,32320,2764.849482,5416.291893,2.668277634
H,4347,2.015E+13,21188.63,1,32320,2764.849482,5416.291893,3.401548676
H,6325,2.016E+13,52292.58,1,32320,2764.849482,5416.291893,9.144213698
H,5021,2.015E+13,21193.89,1,32320,2764.849482,5416.291893,3.40251982
H,6550,2.016E+13,49900,1,32320,2764.849482,5416.291893,8.702476057
H,5945,2.017E+13,29808.43,1,32320,2764.849482,5416.291893,4.99300648
H,7534,2.019E+13,17465.6,1,32320,2764.849482,5416.291893,2.714172502
H,6104,2.016E+13,22362.04,1,32320,2764.849482,5416.291893,3.618193204
H,7558,2.019E+13,70446.89,1,32320,2764.849482,5416.291893,12.49601053
H,7645,2.019E+13,17182.03,1,32320,2764.849482,5416.291893,2.661817495
H,5964,2.018E+13,20806.3,1,32320,2764.849482,5416.291893,3.330959792
H,5749,2.016E+13,22835.8,1,32320,2764.849482,5416.291893,3.70566264
H,94,2.018E+13,42297.09,1,32320,2764.849482,5416.291893,7.298764782
H,6970,2.017E+13,18702.89,1,32320,2764.849482,5416.291893,2.942611076
H,4539,2.018E+13,21384.76,1,32320,2764.849482,5416.291893,3.437759797
H,7614,2.018E+13,21304.47,1,32320,2764.849482,5416.291893,3.422936002
H,207,2.018E+13,20947.31,1,32320,2764.849482,5416.291893,3.356994209
H,6108,2.016E+13,30725.91,1,32320,2764.849482,5416.291893,5.162399123
H,6104,2.016E+13,39765.38,1,32320,2764.849482,5416.291893,6.831339826
H,6104,2.016E+13,19966.7,1,32320,2764.849482,5416.291893,3.17594599
H,4300,2.016E+13,21281.83,1,32320,2764.849482,5416.291893,3.41875602
H,4402,2.016E+13,19379.62,1,32320,2764.849482,5416.291893,3.06755449
H,4436,2.015E+13,29608.17,1,32320,2764.849482,5416.291893,4.956032845
H,207,2.016E+13,17029.41,1,32320,2764.849482,5416.291893,2.633639545
H,6541,2.018E+13,43821.58,1,32320,2764.849482,5416.291893,7.580228564
H,6581,2.017E+13,54832.72,1,32320,2764.849482,5416.291893,9.613195069
H,6781,2.017E+13,17074.62,1,32320,2764.849482,5416.291893,2.641986584
H,5860,2.015E+13,17830.43,1,32320,2764.849482,5416.291893,2.781530393
H,7771,2.018E+13,22335.82,1,32320,2764.849482,5416.291893,3.613352254
H,7049,2.017E+13,33103.48,1,32320,2764.849482,5416.291893,5.601365495
H,6244,2.016E+13,43384.72,1,32320,2764.849482,5416.291893,7.499571907
H,1491,2.018E+13,21551.72,1,32320,2764.849482,5416.291893,3.468585314
H,4968,2.015E+13,38911.84,1,32320,2764.849482,5416.291893,6.673752307
H,2741,2.016E+13,32250.7,1,32320,2764.849482,5416.291893,5.443918293
H,2741,2.015E+13,18714.18,1,32320,2764.849482,5416.291893,2.944695528
H,4803,2.016E+13,30266.23,1,32320,2764.849482,5416.291893,5.077529251
H,4104,2.016E+13,37215.61,1,32320,2764.849482,5416.291893,6.360580485
H,4428,2.019E+13,17960.04,1,32320,2764.849482,5416.291893,2.805460049
H,94,2.018E+13,25505.99,1,32320,2764.849482,5416.291893,4.198654904
H,2741,2.016E+13,36308.72,1,32320,2764.849482,5416.291893,6.193143054
H,2741,2.019E+13,69585.46,1,32320,2764.849482,5416.291893,12.33696629
H,124,2.019E+13,26077.24,1,32320,2764.849482,5416.291893,4.30412374
H,6541,2.017E+13,36720.43,1,32320,2764.849482,5416.291893,6.269156314
H,7043,2.017E+13,29181.3,1,32320,2764.849482,5416.291893,4.877220622
H,4647,2.019E+13,24278.5,1,32320,2764.849482,5416.291893,3.972025685
H,207,2.018E+13,31890.58,1,32320,2764.849482,5416.291893,5.377430001
H,8042,2.019E+13,29800,1,32320,2764.849482,5416.291893,4.991450064
H,6584,2.017E+13,24555.5,1,32320,2764.849482,5416.291893,4.023167685
H,6102,2.019E+13,23787.02,1,32320,2764.849482,5416.291893,3.881284638
H,7055,2.017E+13,26849.98,1,32320,2764.849482,5416.291893,4.446793303
H,7670,2.019E+13,89337.7,1,32320,2764.849482,5416.291893,15.983786
H,7459,2.018E+13,35627.76,1,32320,2764.849482,5416.291893,6.067418663
H,5875,2.016E+13,22534.63,1,32320,2764.849482,5416.291893,3.650058178
H,6138,2.016E+13,27350,1,32320,2764.849482,5416.291893,4.539111075
H,110,2.018E+13,41676.35,1,32320,2764.849482,5416.291893,7.184158699
H,4803,2.017E+13,38778.25,1,32320,2764.849482,5416.291893,6.649087832
H,4996,2.015E+13,26302.54,1,32320,2764.849482,5416.291893,4.345720464
H,1,2.016E+13,43519.4,1,32320,2764.849482,5416.291893,7.524437627
H,4539,2.016E+13,24900,1,32320,2764.849482,5416.291893,4.086772086
H,4409,2.019E+13,37643.23,1,32320,2764.849482,5416.291893,6.439531179
H,5742,2.015E+13,52132.65,1,32320,2764.849482,5416.291893,9.114686116
H,7049,2.017E+13,30853.45,1,32320,2764.849482,5416.291893,5.185946598
H,5749,2.015E+13,33575.65,1,32320,2764.849482,5416.291893,5.688541372
H,6369,2.016E+13,23268.6,1,32320,2764.849482,5416.291893,3.785569708
H,6136,2.015E+13,40183.37,1,32320,2764.849482,5416.291893,6.90851255
H,7023,2.017E+13,33838.26,1,32320,2764.849482,5416.291893,5.737026573
H,4247,2.017E+13,16810.37,1,32320,2764.849482,5416.291893,2.593198593
H,6586,2.016E+13,22052.26,1,32320,2764.849482,5416.291893,3.560999093
H,6586,2.017E+13,27202.18,1,32320,2764.849482,5416.291893,4.511819341
H,207,2.018E+13,41233.7,1,32320,2764.849482,5416.291893,7.102433044
H,3654,2.016E+13,32248.36,1,32320,2764.849482,5416.291893,5.443486263
H,7613,2.018E+13,31488.21,1,32320,2764.849482,5416.291893,5.303141168
H,6587,2.018E+13,33624.37,1,32320,2764.849482,5416.291893,5.697536456
H,7133,2.019E+13,24146.52,1,32320,2764.849482,5416.291893,3.947658461
H,5773,2.018E+13,22579.6,1,32320,2764.849482,5416.291893,3.658360906
H,72,2.016E+13,43491.46,1,32320,2764.849482,5416.291893,7.519279116
H,7023,2.018E+13,25645.2,1,32320,2764.849482,5416.291893,4.22435699
H,6360,2.018E+13,34815.36,1,32320,2764.849482,5416.291893,5.917426747
H,5160,2.018E+13,35858.24,1,32320,2764.849482,5416.291893,6.109971761
H,6325,2.016E+13,41970.95,1,32320,2764.849482,5416.291893,7.238550154
H,7177,2.018E+13,32787.59,1,32320,2764.849482,5416.291893,5.543043305
H,7089,2.017E+13,22383.07,1,32320,2764.849482,5416.291893,3.622075934
H,3675,2.017E+13,28607.66,1,32320,2764.849482,5416.291893,4.771310525
H,207,2.016E+13,34269.12,1,32320,2764.849482,5416.291893,5.816575462
H,6576,2.017E+13,20868.48,1,32320,2764.849482,5416.291893,3.342439971
H,6607,2.017E+13,22482.68,1,32320,2764.849482,5416.291893,3.640466745
H,7043,2.017E+13,22141.14,1,32320,2764.849482,5416.291893,3.577408844
H,2741,2.016E+13,42921.31,1,32320,2764.849482,5416.291893,7.414013371
H,6612,2.017E+13,17442.49,1,32320,2764.849482,5416.291893,2.709905745
H,4409,2.018E+13,25839.68,1,32320,2764.849482,5416.291893,4.260263474
H,7787,2.019E+13,44735.68,1,32320,2764.849482,5416.291893,7.748997164
H,3675,2.019E+13,27693.22,1,32320,2764.849482,5416.291893,4.602479152
H,7129,2.018E+13,34964.1,1,32320,2764.849482,5416.291893,5.94488834
H,7096,2.018E+13,25501.72,1,32320,2764.849482,5416.291893,4.197866542
H,6581,2.019E+13,16832,1,32320,2764.849482,5416.291893,2.5971921
H,5958,2.015E+13,21726,1,32320,2764.849482,5416.291893,3.50076231
H,6146,2.018E+13,20084.89,1,32320,2764.849482,5416.291893,3.197767192
H,6104,2.016E+13,24193.85,1,32320,2764.849482,5416.291893,3.956396912
H,7614,2.019E+13,40330.2,1,32320,2764.849482,5416.291893,6.935621503
H,6187,2.019E+13,26857.7,1,32320,2764.849482,5416.291893,4.448218633
H,5820,2.018E+13,29900,1,32320,2764.849482,5416.291893,5.00991288
H,6146,2.019E+13,49582.7,1,32320,2764.849482,5416.291893,8.643893543
H,54,2.015E+13,43500,1,32320,2764.849482,5416.291893,7.520855841
H,6550,2.016E+13,31518.02,1,32320,2764.849482,5416.291893,5.308644934
H,5428,2.019E+13,28950,1,32320,2764.849482,5416.291893,4.834516129
H,5785,2.015E+13,44637.65,1,32320,2764.849482,5416.291893,7.730898066
H,2741,2.017E+13,23786.62,1,32320,2764.849482,5416.291893,3.881210786
H,72,2.016E+13,43327.39,1,32320,2764.849482,5416.291893,7.488987174
H,7979,2.019E+13,21496.67,1,32320,2764.849482,5416.291893,3.458421534
H,2740,2.019E+13,21293.1,1,32320,2764.849482,5416.291893,3.42083678
H,4763,2.016E+13,24900,1,32320,2764.849482,5416.291893,4.086772086
H,1128,2.015E+13,17368.62,1,32320,2764.849482,5416.291893,2.696267263
H,4803,2.019E+13,26795.15,1,32320,2764.849482,5416.291893,4.436670141
H,7055,2.019E+13,23975.81,1,32320,2764.849482,5416.291893,3.916140588
H,5128,2.015E+13,30159.1,1,32320,2764.849482,5416.291893,5.057750036
H,7718,2.018E+13,23166.25,1,32320,2764.849482,5416.291893,3.766673016
H,7221,2.017E+13,19075.62,1,32320,2764.849482,5416.291893,3.01142753
H,7049,2.019E+13,31549.68,1,32320,2764.849482,5416.291893,5.314490261
H,7718,2.019E+13,26882.62,1,32320,2764.849482,5416.291893,4.452819566
H,4968,2.015E+13,17665.09,1,32320,2764.849482,5416.291893,2.751003973
H,4861,2.015E+13,20925.87,1,32320,2764.849482,5416.291893,3.353035781
H,7050,2.017E+13,37279.75,1,32320,2764.849482,5416.291893,6.372422536
H,6047,2.015E+13,33563.23,1,32320,2764.849482,5416.291893,5.686248291
H,6104,2.017E+13,30819.36,1,32320,2764.849482,5416.291893,5.179652624
H,5160,2.015E+13,23147.82,1,32320,2764.849482,5416.291893,3.763270319
H,1233,2.015E+13,23238,1,32320,2764.849482,5416.291893,3.779920086
H,3789,2.015E+13,26562.5,1,32320,2764.849482,5416.291893,4.3937164
H,3654,2.019E+13,30737.65,1,32320,2764.849482,5416.291893,5.164566658
H,6112,2.016E+13,27306.31,1,32320,2764.849482,5416.291893,4.531044671
H,7046,2.018E+13,31093.2,1,32320,2764.849482,5416.291893,5.230211199
H,7679,2.019E+13,17214.37,1,32320,2764.849482,5416.291893,2.667788369
H,579,2.017E+13,37876.59,1,32320,2764.849482,5416.291893,6.482616006
H,6312,2.019E+13,53595.38,1,32320,2764.849482,5416.291893,9.384747263
H,6062,2.016E+13,29900,1,32320,2764.849482,5416.291893,5.00991288
H,5746,2.015E+13,18826.01,1,32320,2764.849482,5416.291893,2.965342495
H,2741,2.018E+13,24098.07,1,32320,2764.849482,5416.291893,3.938713227
H,32,2.015E+13,89677.41,1,32320,2764.849482,5416.291893,16.04650603
H,54,2.015E+13,23780,1,32320,2764.849482,5416.291893,3.879988548
H,6047,2.015E+13,24695.64,1,32320,2764.849482,5416.291893,4.049041475
H,6176,2.016E+13,32791.03,1,32320,2764.849482,5416.291893,5.543678426
H,94,2.018E+13,41865.28,1,32320,2764.849482,5416.291893,7.219040497
H,7236,2.019E+13,49873.27,1,32320,2764.849482,5416.291893,8.697540947
H,3675,2.017E+13,22548.56,1,32320,2764.849482,5416.291893,3.652630048
H,6867,2.019E+13,26647.94,1,32320,2764.849482,5416.291893,4.40949103
H,5742,2.015E+13,30731.98,1,32320,2764.849482,5416.291893,5.163519816
H,1201,2.015E+13,23803.86,1,32320,2764.849482,5416.291893,3.884393776
H,6752,2.017E+13,23543.54,1,32320,2764.849482,5416.291893,3.836331374
H,5160,2.015E+13,20145.12,1,32320,2764.849482,5416.291893,3.208887346
H,6104,2.016E+13,28753.95,1,32320,2764.849482,5416.291893,4.798319779
H,302,2.018E+13,33956.9,1,32320,2764.849482,5416.291893,5.758930858
H,110,2.018E+13,43200,1,32320,2764.849482,5416.291893,7.465467393
H,6131,2.016E+13,19903.57,1,32320,2764.849482,5416.291893,3.164290414
H,4861,2.015E+13,18548.05,1,32320,2764.849482,5416.291893,2.914023252
H,7049,2.019E+13,20674.51,1,32320,2764.849482,5416.291893,3.306627647
H,6477,2.017E+13,85336.6,1,32320,2764.849482,5416.291893,15.24507027
H,6104,2.016E+13,20710,1,32320,2764.849482,5416.291893,3.3131801
H,7629,2.018E+13,23989.65,1,32320,2764.849482,5416.291893,3.918695842
H,6581,2.018E+13,80665.1,1,32320,2764.849482,5416.291893,14.38257983
H,6612,2.017E+13,34500,1,32320,2764.849482,5416.291893,5.859202411
H,6477,2.016E+13,70854.03,1,32320,2764.849482,5416.291893,12.57118004
H,7534,2.019E+13,23470.13,1,32320,2764.849482,5416.291893,3.82277782
H,7613,2.018E+13,39600,1,32320,2764.849482,5416.291893,6.800806021
H,7132,2.018E+13,21306.24,1,32320,2764.849482,5416.291893,3.423262794
H,6587,2.016E+13,46813.81,1,32320,2764.849482,5416.291893,8.13267848
H,4409,2.016E+13,17284.88,1,32320,2764.849482,5416.291893,2.680806501
H,5725,2.015E+13,23303.62,1,32320,2764.849482,5416.291893,3.792035386
H,6628,2.017E+13,60704.98,1,32320,2764.849482,5416.291893,10.69737962
H,7619,2.018E+13,23156.47,1,32320,2764.849482,5416.291893,3.764867352
H,2741,2.017E+13,32012.14,1,32320,2764.849482,5416.291893,5.3998734
H,6062,2.017E+13,27505.67,1,32320,2764.849482,5416.291893,4.567852141
H,5160,2.016E+13,33293.31,1,32320,2764.849482,5416.291893,5.636413458
H,7300,2.019E+13,26877.88,1,32320,2764.849482,5416.291893,4.451944429
H,731,2.015E+13,25893.23,1,32320,2764.849482,5416.291893,4.270150312
H,4498,2.016E+13,25547.65,1,32320,2764.849482,5416.291893,4.206346513
H,7167,2.018E+13,21839.1,1,32320,2764.849482,5416.291893,3.521643755
H,579,2.017E+13,27421.06,1,32320,2764.849482,5416.291893,4.552230752
H,6581,2.017E+13,98996.58,1,32320,2764.849482,5416.291893,17.76708723
H,6685,2.018E+13,28315.85,1,32320,2764.849482,5416.291893,4.717434182
H,2741,2.018E+13,18615.6,1,32320,2764.849482,5416.291893,2.926494885
H,5749,2.015E+13,27669.16,1,32320,2764.849482,5416.291893,4.598036998
H,6248,2.016E+13,24900,1,32320,2764.849482,5416.291893,4.086772086
H,7282,2.017E+13,16902.13,1,32320,2764.849482,5416.291893,2.610140073
H,2741,2.016E+13,38417.81,1,32320,2764.849482,5416.291893,6.582540458
H,94,2.018E+13,31745.27,1,32320,2764.849482,5416.291893,5.350601683
H,4037,2.015E+13,20894.14,1,32320,2764.849482,5416.291893,3.34717753
H,72,2.016E+13,43285.45,1,32320,2764.849482,5416.291893,7.481243869
H,7106,2.019E+13,20780.41,1,32320,2764.849482,5416.291893,3.326179769
H,7076,2.017E+13,19832.63,1,32320,2764.849482,5416.291893,3.151192893
H,6691,2.017E+13,19576.32,1,32320,2764.849482,5416.291893,3.103870849
H,7402,2.018E+13,46184.25,1,32320,2764.849482,5416.291893,8.016443976
H,4542,2.015E+13,21451.71,1,32320,2764.849482,5416.291893,3.450120652
H,5398,2.017E+13,31084.34,1,32320,2764.849482,5416.291893,5.228575394
H,4993,2.016E+13,20719.46,1,32320,2764.849482,5416.291893,3.314926683
H,7614,2.018E+13,29868.87,1,32320,2764.849482,5416.291893,5.004165406
H,6312,2.016E+13,28224.51,1,32320,2764.849482,5416.291893,4.700570246
H,3809,2.018E+13,24956.65,1,32320,2764.849482,5416.291893,4.097231271
H,5750,2.015E+13,22663.63,1,32320,2764.849482,5416.291893,3.67387521
H,4803,2.017E+13,31158.94,1,32320,2764.849482,5416.291893,5.242348655
H,6146,2.019E+13,85530.74,1,32320,2764.849482,5416.291893,15.28091398
H,6229,2.017E+13,41216.81,1,32320,2764.849482,5416.291893,7.099314675
H,3654,2.018E+13,38653.92,1,32320,2764.849482,5416.291893,6.626133013
H,836,2.015E+13,23345.04,1,32320,2764.849482,5416.291893,3.799682684
H,7054,2.018E+13,17902.84,1,32320,2764.849482,5416.291893,2.794899318
H,94,2.018E+13,43165.04,1,32320,2764.849482,5416.291893,7.459012793
H,4409,2.015E+13,19500,1,32320,2764.849482,5416.291893,3.089780028
H,5801,2.018E+13,43492.25,1,32320,2764.849482,5416.291893,7.519424972
H,2741,2.015E+13,18151.23,1,32320,2764.849482,5416.291893,2.840759106
H,2741,2.016E+13,43272.8,1,32320,2764.849482,5416.291893,7.478908323
H,7762,2.019E+13,17088.88,1,32320,2764.849482,5416.291893,2.644619382
H,4803,2.017E+13,44881.02,1,32320,2764.849482,5416.291893,7.775831021
H,2741,2.016E+13,40187.5,1,32320,2764.849482,5416.291893,6.909275064
H,7056,2.017E+13,19886.04,1,32320,2764.849482,5416.291893,3.161053883
H,3675,2.018E+13,53956.02,1,32320,2764.849482,5416.291893,9.451331562
H,1,2.018E+13,39989.69,1,32320,2764.849482,5416.291893,6.872753768
H,6146,2.019E+13,69711.59,1,32320,2764.849482,5416.291893,12.36025344
H,2741,2.015E+13,46218.51,1,32320,2764.849482,5416.291893,8.022769337
H,7925,2.019E+13,99900,1,32320,2764.849482,5416.291893,17.933884
H,7112,2.018E+13,21246.03,1,32320,2764.849482,5416.291893,3.412146332
H,3675,2.016E+13,20529.8,1,32320,2764.849482,5416.291893,3.279910106
H,5913,2.016E+13,26768.46,1,32320,2764.849482,5416.291893,4.431742416
H,110,2.018E+13,35134.07,1,32320,2764.849482,5416.291893,5.976269588
H,7046,2.018E+13,29388.46,1,32320,2764.849482,5416.291893,4.915468192
H,6371,2.018E+13,17155.18,1,32320,2764.849482,5416.291893,2.656860229
H,6630,2.018E+13,28537.27,1,32320,2764.849482,5416.291893,4.758314549
H,1589,2.015E+13,17151.54,1,32320,2764.849482,5416.291893,2.656188182
H,7073,2.017E+13,19365.92,1,32320,2764.849482,5416.291893,3.065025085
H,1105,2.018E+13,22964.2,1,32320,2764.849482,5416.291893,3.729368896
H,3784,2.017E+13,18413.36,1,32320,2764.849482,5416.291893,2.889155686
H,3762,2.018E+13,23198.92,1,32320,2764.849482,5416.291893,3.772704818
H,7336,2.017E+13,21458.42,1,32320,2764.849482,5416.291893,3.451359507
H,2741,2.017E+13,19218.57,1,32320,2764.849482,5416.291893,3.037820125
H,6678,2.017E+13,32001.23,1,32320,2764.849482,5416.291893,5.397859106
H,6136,2.016E+13,16984.83,1,32320,2764.849482,5416.291893,2.625408822
H,7209,2.018E+13,38154.52,1,32320,2764.849482,5416.291893,6.53392971
H,4820,2.018E+13,18239.12,1,32320,2764.849482,5416.291893,2.856986075
H,2741,2.015E+13,24796.52,1,32320,2764.849482,5416.291893,4.067666764
H,1201,2.018E+13,18130.87,1,32320,2764.849482,5416.291893,2.837000077
H,94,2.018E+13,37702.14,1,32320,2764.849482,5416.291893,6.450407624
H,94,2.018E+13,32195.42,1,32320,2764.849482,5416.291893,5.433712049
H,4968,2.015E+13,34812.47,1,32320,2764.849482,5416.291893,5.916893172
H,5773,2.015E+13,30297.69,1,32320,2764.849482,5416.291893,5.083337653
H,6607,2.017E+13,27112.88,1,32320,2764.849482,5416.291893,4.495332046
H,6587,2.017E+13,21060.47,1,32320,2764.849482,5416.291893,3.377886731
H,5847,2.015E+13,21102.03,1,32320,2764.849482,5416.291893,3.385559878
H,5736,2.016E+13,39626.43,1,32320,2764.849482,5416.291893,6.805685743
H,4803,2.017E+13,37219.99,1,32320,2764.849482,5416.291893,6.361389157
H,2741,2.018E+13,50191.17,1,32320,2764.849482,5416.291893,8.756234238
H,5160,2.016E+13,44947.96,1,32320,2764.849482,5416.291893,7.78819003
H,6581,2.017E+13,86879.5,1,32320,2764.849482,5416.291893,15.52993306
H,6477,2.017E+13,75725.67,1,32320,2764.849482,5416.291893,13.47062196
H,579,2.016E+13,39293.54,1,32320,2764.849482,5416.291893,6.744224876
H,4440,2.015E+13,37029.36,1,32320,2764.849482,5416.291893,6.326193491
